[
  {
    "model": "backend.Weapon",
    "pk": 1,
    "fields": {
      "name": "Canon niv.1",
      "price": "500",
      "attackValue": "40",
      "range": "20",
      "pathIcon": "canon_1.png",
      "attackCost": 1
    }
  },
  {
    "model": "backend.Weapon",
    "pk": 2,
    "fields": {
      "name": "Canon niv.2",
      "price": "3000",
      "attackValue": "60",
      "range": "25",
      "pathIcon": "canon_2.png",
      "attackCost": 2
    }
  },
  {
    "model": "backend.Weapon",
    "pk": 3,
    "fields": {
      "name": "Canon niv.3",
      "price": "10000",
      "attackValue": "80",
      "range": "40",
      "pathIcon": "canon_3.png",
      "attackCost": 3
    }
  },
  {
    "model": "backend.Armor",
    "pk": 1,
    "fields": {
      "name": "Blindage niv.1",
      "price": "500",
      "armorValue": "70",
      "pathIcon": "shield_1.png"
    }
  },
  {
    "model": "backend.Armor",
    "pk": 2,
    "fields": {
      "name": "Blindage niv.2",
      "price": "3000",
      "armorValue": "30",
      "pathIcon": "shield_2.png"
    }
  },
  {
    "model": "backend.Armor",
    "pk": 3,
    "fields": {
      "name": "Blindage niv.3",
      "price": "10000",
      "armorValue": "50",
      "pathIcon": "shield_3.png"
    }
  },
  {
    "model": "backend.Caterpillar",
    "pk": 1,
    "fields": {
      "name": "Chenille niv.1",
      "price": "500",
      "moveValue": "3",
      "pathIcon": "cater_1.png"
    }
  },
  {
    "model": "backend.Caterpillar",
    "pk": 2,
    "fields": {
      "name": "Chenille niv.2",
      "price": "3000",
      "moveValue": "5",
      "pathIcon": "cater_2.png"
    }
  },
  {
    "model": "backend.Caterpillar",
    "pk": 3,
    "fields": {
      "name": "Chenille niv.3",
      "price": "10000",
      "moveValue": "8",
      "pathIcon": "cater_3.png"
    }
  },
  {
    "model": "backend.NavSystem",
    "pk": 1,
    "fields": {
      "name": "Processeur niv.1",
      "price": "500",
      "actionValue": "3",
      "pathIcon": "circuit_1.png"
    }
  },
  {
    "model": "backend.NavSystem",
    "pk": 2,
    "fields": {
      "name": "Processeur niv.2",
      "price": "3000",
      "actionValue": "4",
      "pathIcon": "circuit_2.png"
    }
  },
  {
    "model": "backend.NavSystem",
    "pk": 3,
    "fields": {
      "name": "Processeur niv.3",
      "price": "10000",
      "actionValue": "6",
      "pathIcon": "circuit_3.png"
    }
  },
  {
    "model": "backend.TypeItem",
    "pk": 1,
    "fields": {
      "name": "Weapon"
    }
  },
  {
    "model": "backend.TypeItem",
    "pk": 2,
    "fields": {
      "name": "Armor"
    }
  },
  {
    "model": "backend.TypeItem",
    "pk": 3,
    "fields": {
      "name": "Caterpillar"
    }
  },
  {
    "model": "backend.TypeItem",
    "pk": 4,
    "fields": {
      "name": "NavSystem"
    }
  },
  {
    "model": "backend.DefaultIa",
    "pk": 1,
    "fields": {
      "text": "# Default ia\n# Get the enemy position in the game\nenemy = self.getEnemyTankId()\nenemypos = self.getPosition(enemy)\n# Move foward to the enemy\nself.moveTank(enemypos)\n# Shoot the enemy Gracefuly\nself.shoot()"
    }
  },
  {
    "model": "backend.faq",
    "pk": 1,
    "fields": {
      "question": "Quelles sont les règles du jeu ",
      "answer": "<p><strong>Concevez</strong></p>\r\n\r\n<p>... ... la meilleur combinaison d&#39;&eacute;quipement pour votre tank.</p>\r\n\r\n<p><strong>Imaginez et Codez</strong></p>\r\n\r\n<p>... ... ce tank qui prendra l&#39;ascendant sur votre adversaire et vous m&egrave;nera &agrave; la victoire gr&acirc;ce &agrave; vos comp&eacute;tences - ou future comp&eacute;tences - en programmation.</p>\r\n\r\n<p>Nous incluons un syst&egrave;me de niveau et d&#39;exp&eacute;rience. Dans le jeu, vous allez vous confronter &agrave; plus fort que vous. [Bient&ocirc;t] En cas de victoire la r&eacute;compense (sous forme d&#39;exp&eacute;rience) n&#39;en sera que meilleur.</p>\r\n\r\n<p><strong>Plus en d&eacute;tail </strong></p>\r\n\r\n<p>Un combat se d&eacute;roule sur une grille de jeu de 32 cases par 32 cases.</p>\r\n\r\n<p>Comme tout bon programmeur, cela signifie que pour les indices en X et en Y vont de 0 &agrave; 31.</p>\r\n\r\n<p>Vous avez donc 1024 cases sur cette grille. Qui vous permettront de mettre en place votre strat&eacute;gie de jeu.</p>",
      "symbol": "import_contacts"
    }
  },
  {
    "model": "backend.faq",
    "pk": 2,
    "fields": {
      "question": "Pourquoi \"MaturePyRobot\"",
      "answer": "<p>Le pr&eacute;c&eacute;dent projet s&#39;intitulait &quot;WebPyRobot&quot;. Bien que ce soit l&eacute;gitime, car sur navigateur Web, nous avons d&eacute;cid&eacute; de nous d&eacute;marquer. Nous avons men&eacute; ce projet &agrave; maturit&eacute;, pour que les foncitonnalit&eacute;es de base soient op&eacute;rationnelles &agrave; 100%. ... (&agrave; compl&eacute;ter)</p>",
      "symbol": "question_answer"
    }
  },
  {
    "model": "backend.faq",
    "pk": 3,
    "fields": {
      "question": "Comment fonctionne le Drag'n'Drop ",
      "answer": "<p><strong>Wikipedia</strong> &quot;Les glisser-d&eacute;poser est, dans une interface graphique, une m&eacute;thode consistant &agrave; utiliser une souris [..] pour d&eacute;placer d&#39;un endroit &agrave; un autre un &eacute;l&eacute;ment graphiquep r&eacute;sent sur l&#39;&eacute;cran [..] d&#39;un ordinateur.&quot;</p>\r\n\r\n<p>1 - Faire un clique sur le script &agrave; importer et maintenir la pression sur le bouton.</p>\r\n\r\n<p>2 - D&eacute;placer votre souris, toujours en maintenant le clic, vers la zone final (l&#39;&eacute;diteur python).</p>\r\n\r\n<p>3 - Une fois sur l&#39;&eacute;diteur, l&acirc;cher le clic. Et HOP !! Votre script est import&eacute;. Sauvegardez le et continuez &agrave; travailler dessus en ligne.</p>",
      "symbol": "content_copy"
    }
  },
  {
    "model": "backend.faq",
    "pk": 4,
    "fields": {
      "question": "L'animation est bizarre, pourquoi ",
      "answer": "<p>Les tanks tirent au mileux ? Et au bout d&#39;un certain temps, se tire dessus ? C&#39;est normal, on essaie tant bien que mal de reproduire l&#39;execution de votre code. Ce ne sont pas des bugs. Il bien entendu un gagnant et un perdant. Une notification vous l&#39;indiquera.</p>",
      "symbol": "live_tv"
    }
  },
  {
    "model": "backend.faq",
    "pk": 5,
    "fields": {
      "question": "Je n'arrive pas à glisser-déposer mon fichier depuis mon ordinateur vers l'éditeur",
      "answer": "<p>L&#39;&eacute;diteur n&#39;accepte que deux extensions:</p>\r\n\r\n<ol>\r\n\t<li>nomdufichier.py</li>\r\n\t<li>nomdufichier.txt</li>\r\n</ol>",
      "symbol": "file_upload"
    }
  },
  {
    "model": "backend.faq",
    "pk": 6,
    "fields": {
      "question": "Comment sauvegarder un script en ligne sur mon ordinateur ",
      "answer": "<ol>\r\n\t<li>Ouvrir votre &eacute;diteur pr&eacute;f&eacute;r&eacute; (sublime text, visual studio code, bloc-note, notpad++,...)</li>\r\n\t<li>Copier/Coller le code &eacute;crit dans l&#39;&eacute;diteur dans un nouveau fichier portant l&#39;extension .py ou .txt</li>\r\n\t<li>Enregistrer ce fichier sur votre ordinateur, il sera possible de le charger en ligne avec le Drag&#39;n&#39;Drop</li>\r\n</ol>",
      "symbol": "description"
    }
  },
  {
    "model": "backend.faq",
    "pk": 7,
    "fields": {
      "question": "J'ai atteint mon quota de script (max 5), comment supprimer un script ",
      "answer": "<ol>\r\n\t<li>Charger le script &agrave; supprimer dans l&#39;&eacute;diteur</li>\r\n\t<li>&Eacute;crire le nouveau script &agrave; la place</li>\r\n\t<li>Changer &eacute;ventuellement le nom pour le nouveau script</li>\r\n\t<li>Sauvegarder</li>\r\n</ol>",
      "symbol": "filter_5"
    }
  },
  {
    "model": "backend.faq",
    "pk": 8,
    "fields": {
      "question": "En cas d'erreur que faire ",
      "answer": "<p>Si une erreur survient, la plupart du temps, l&#39;&eacute;diteur est mis en cause.</p>\r\n\r\n<p>Tentez d&#39;identifier d&#39;eventuel erreur:<br />\r\n- indentation du code<br />\r\n- variable utilis&eacute;e<br />\r\n- syntaxe python respect&eacute;e</p>\r\n\r\n<p>En cas d&#39;echec lors de la v&eacute;rification contacter le support technique.</p>",
      "symbol": "bug_report"
    }
  },
  {
    "model": "auth.user",
    "pk": 1,
    "fields": {
      "password": "pbkdf2_sha256$36000$e5WKoHo0hPY1$ie4e+0vsS6GN4/tt105Pz7xQgv+Pf9e63y6zZ1Qd+Z8=",
      "last_login": "2018-05-10T23:01:10.874Z",
      "is_superuser": true,
      "username": "admin_pyrobot",
      "first_name": "Alex",
      "last_name": "ANDRIAMAHALEO",
      "email": "contactpyrobot@gmail.com",
      "is_staff": true,
      "is_active": true,
      "date_joined": "2018-05-10T20:45:40.146Z",
      "groups": [],
      "user_permissions": []
    }
  },
  {
    "model": "auth.user",
    "pk": 2,
    "fields": {
      "password": "pbkdf2_sha256$36000$e5WKoHo0hPY1$ie4e+0vsS6GN4/tt105Pz7xQgv+Pf9e63y6zZ1Qd+Z8=",
      "last_login": "2018-05-10T23:07:30.899Z",
      "is_superuser": false,
      "username": "ORDI_1",
      "first_name": "ORDI_1",
      "last_name": "ORDINATEUR",
      "email": "contactpyrobot@gmail.com",
      "is_staff": false,
      "is_active": true,
      "date_joined": "2018-05-10T23:07:29.781Z",
      "groups": [],
      "user_permissions": []
    }
  },
  {
    "model": "auth.user",
    "pk": 3,
    "fields": {
      "password": "pbkdf2_sha256$36000$e5WKoHo0hPY1$ie4e+0vsS6GN4/tt105Pz7xQgv+Pf9e63y6zZ1Qd+Z8=",
      "last_login": "2018-05-10T23:10:22.119Z",
      "is_superuser": false,
      "username": "ORDI_2",
      "first_name": "ORDI_2",
      "last_name": "ORDINATEUR",
      "email": "contactpyrobot@gmail.com",
      "is_staff": false,
      "is_active": true,
      "date_joined": "2018-05-10T23:10:20.995Z",
      "groups": [],
      "user_permissions": []
    }
  },
  {
    "model": "auth.user",
    "pk": 4,
    "fields": {
      "password": "pbkdf2_sha256$36000$e5WKoHo0hPY1$ie4e+0vsS6GN4/tt105Pz7xQgv+Pf9e63y6zZ1Qd+Z8=",
      "last_login": "2018-05-10T23:11:03.886Z",
      "is_superuser": false,
      "username": "ORDI_3",
      "first_name": "ORDI_3",
      "last_name": "ORDINATEUR",
      "email": "contactpyrobot@gmail.com",
      "is_staff": false,
      "is_active": true,
      "date_joined": "2018-05-10T23:11:02.781Z",
      "groups": [],
      "user_permissions": []
    }
  },
  {
    "model": "backend.userprofile",
    "pk": 1,
    "fields": {
      "user": 2,
      "money": 0,
      "avatar": "",
      "agression": true,
      "exp": 0,
      "srch": 0,
      "dev": 0,
      "level": 0,
      "next_level_exp": 10,
      "true_level": 1
    }
  },
  {
    "model": "backend.userprofile",
    "pk": 2,
    "fields": {
      "user": 3,
      "money": 0,
      "avatar": "",
      "agression": true,
      "exp": 0,
      "srch": 0,
      "dev": 0,
      "level": 0,
      "next_level_exp": 10,
      "true_level": 1
    }
  },
  {
    "model": "backend.userprofile",
    "pk": 3,
    "fields": {
      "user": 4,
      "money": 0,
      "avatar": "",
      "agression": true,
      "exp": 0,
      "srch": 0,
      "dev": 0,
      "level": 0,
      "next_level_exp": 10,
      "true_level": 1
    }
  },
  {
    "model": "backend.ia",
    "pk": 1,
    "fields": {
        "owner": 1,
        "name": "ORDI_1 Facile",
        "text": "# CPU_1\r\n# Ne tire pas tant que\r\n# le tank enemy n'est pas\r\n# \u00e0\u00a0 sa port\u00e9e\r\n\r\nenemy = self.getEnemyTankId()\r\nenemypos = self.getPosition(enemy)\r\nenemyRange = self.getRange(enemy)\r\n\r\nmytank = self.getTankId()\r\nmyRange = self.getRange(mytank)\r\n\r\nself.moveTank(enemypos)\r\n\r\nmypos = self.getPosition(mytank)\r\n\r\ndist_btw = self.getCellDistance(mypos,enemypos)\r\n\r\nif dist_btw < enemyRange :\r\n    current_PA = self.getPA(mytank)\r\n    while(current_PA != 0):\r\n        self.shoot()\r\n        current_PA = self.getPA(mytank)\r\n",
        "active": true
    }
},
{
    "model": "backend.ia",
    "pk": 2,
    "fields": {
        "owner": 2,
        "name": "ORDI_2 Intermediaire",
        "text": "# CPU_2\r\n\r\n#############ENEMY#################\r\nid_enemy = self.getEnemyTankId() # int\r\npos_enemy = self.getPosition(id_enemy) # cell\r\nportee_enemy = self.getRange(id_enemy) # int\r\npos_enemy_X = self.getCellPosX(pos_enemy)\r\npos_enemy_Y = self.getCellPosY(pos_enemy)\r\nlife_enemy = self.getLife(id_enemy)\r\n##################################\r\n\r\n##############MY TANK################\r\nid_tank = self.getTankId()\r\npos_tank = self.getPosition(id_tank)\r\nportee_tank = self.getRange(id_tank)\r\npos_tank_X = self.getCellPosX(pos_tank)\r\npos_tank_Y = self.getCellPosY(pos_tank)\r\nlife_tank = self.getLife(id_tank)\r\n###################################\r\n\r\n###################################\r\nglobal step_1_enemy_pos\r\nstep_1_enemy_pos = []\r\n\r\nfor i in range(4):\r\n    tmp_en_X = pos_enemy_X - 3 + i\r\n    tmp_en_Y = pos_enemy_Y - i\r\n    tmp_cell = self.getCellFromXY(tmp_en_X, tmp_en_Y)\r\n    tmp_dist_from_tank = self.getCellDistance(pos_tank, tmp_cell)\r\n    step_1_enemy_pos.append([tmp_cell, tmp_dist_from_tank])\r\nfor i in range(4):\r\n    tmp_en_X = pos_enemy_X + 3 - i\r\n    tmp_en_Y = pos_enemy_Y - i\r\n    if  tmp_en_X < 32 and  tmp_en_Y < 32:\r\n        tmp_cell = self.getCellFromXY(tmp_en_X, tmp_en_Y)\r\n        tmp_dist_from_tank = self.getCellDistance(pos_tank, tmp_cell)\r\n        if (tmp_cell, tmp_dist_from_tank) not in step_1_enemy_pos:\r\n            step_1_enemy_pos.append([tmp_cell, tmp_dist_from_tank])\r\n\r\nglobal step_2_enemy_pos\r\nstep_2_enemy_pos = []\r\nglobal min_dist\r\nmin_dist = 1000\r\n\r\npos_tmp_X = self.getCellPosX(step_1_enemy_pos[0][0])\r\npos_tmp_Y = self.getCellPosY(step_1_enemy_pos[0][0])\r\nfor i in range(4):\r\n    tmp_en_X = pos_tmp_X - 3 + i\r\n    tmp_en_Y = pos_tmp_Y - i\r\n    tmp_cell = self.getCellFromXY(tmp_en_X, tmp_en_Y)\r\n    tmp_dist_from_tank = self.getCellDistance(pos_tank, tmp_cell)\r\n    if tmp_dist_from_tank < min_dist:\r\n        step_2_enemy_pos = []\r\n        min_dist = tmp_dist_from_tank\r\n    elif tmp_dist_from_tank == min_dist:\r\n        step_2_enemy_pos.append([tmp_cell, tmp_dist_from_tank])\r\n    else:\r\n        pass\r\nfor i in range(4):\r\n    tmp_en_X = pos_tmp_X + 3 - i\r\n    tmp_en_Y = pos_tmp_Y  - i\r\n    if  tmp_en_X < 32 and  tmp_en_Y < 32:\r\n        tmp_cell = self.getCellFromXY(tmp_en_X, tmp_en_Y)\r\n        tmp_dist_from_tank = self.getCellDistance(pos_tank, tmp_cell)\r\n        if (tmp_cell, tmp_dist_from_tank) not in step_2_enemy_pos:\r\n            if tmp_dist_from_tank < min_dist:\r\n                step_2_enemy_pos = []\r\n                min_dist = tmp_dist_from_tank\r\n            elif tmp_dist_from_tank == min_dist:\r\n                step_2_enemy_pos.append([tmp_cell, tmp_dist_from_tank])\r\n            else:\r\n                pass\r\n\r\n###################################\r\n\r\n###################################\r\nglobal step_1_tank_pos\r\nstep_1_tank_pos = []\r\n\r\nglobal step_1_tank_pos_2pm\r\nstep_1_tank_pos_2pm = []\r\n\r\n\r\nfor i in range(4):\r\n    tmp_en_X = pos_tank_X + 3 - i\r\n    tmp_en_Y = pos_tank_Y + i\r\n    tmp_cell = self.getCellFromXY(tmp_en_X, tmp_en_Y)\r\n    if  len(step_2_enemy_pos) > 1:\r\n        tmp_dist_from_en = self.getCellDistance(tmp_cell, step_2_enemy_pos[1][0])\r\n    else:\r\n        tmp_dist_from_en = self.getCellDistance(tmp_cell, step_2_enemy_pos[0][0])\r\n    \r\n    if tmp_dist_from_en > portee_tank and tmp_dist_from_en not in step_1_tank_pos:\r\n        step_1_tank_pos.append([tmp_cell, tmp_dist_from_en])\r\n        \r\n\r\nfor i in range(3):\r\n    tmp_en_X = pos_tank_X + 2 - i\r\n    tmp_en_Y = pos_tank_Y + i\r\n    tmp_cell = self.getCellFromXY(tmp_en_X, tmp_en_Y)\r\n    if  len(step_2_enemy_pos) > 1:\r\n        tmp_dist_from_en = self.getCellDistance(tmp_cell, step_2_enemy_pos[1][0])\r\n    else:\r\n        tmp_dist_from_en = self.getCellDistance(tmp_cell, step_2_enemy_pos[0][0])\r\n    \r\n    if tmp_dist_from_en >= portee_tank and tmp_dist_from_en not in step_1_tank_pos_2pm:\r\n        step_1_tank_pos_2pm.append([tmp_cell, tmp_dist_from_en])\r\n\r\n###################################\r\n\r\nif life_enemy == 100:\r\n    if step_1_tank_pos != []:\r\n        new_pos = step_1_tank_pos[1][0]\r\n        self.moveTank(new_pos)\r\n    else:\r\n        dist_btw = self.getCellDistance(pos_tank,pos_enemy)\r\n        if (abs(dist_btw - portee_enemy)) >= 0 and (abs(dist_btw - portee_enemy)) <= 3:\r\n            new_pos = pos_enemy\r\n            self.moveTank(new_pos)\r\n        elif (abs(dist_btw - portee_enemy)) >= 0 and (abs(dist_btw - portee_enemy)) > 4 and (abs(dist_btw - portee_enemy)) <= 6:\r\n            back_to_zero_X = self.getCellPosX(pos_tank) - 1\r\n            back_to_zero_Y = self.getCellPosY(pos_tank)\r\n            new_pos = self.getCellFromXY(back_to_zero_X, back_to_zero_Y)\r\n            self.moveTank(new_pos)\r\n        else:\r\n            pass\r\n    # self.moveTank(pos_enemy)\r\n    new_pos_tank = self.getPosition(id_tank)\r\n    dist_btw = self.getCellDistance(new_pos_tank,pos_enemy)\r\n    \r\n    if dist_btw <= portee_enemy :\r\n        current_PA = self.getPA(id_tank)\r\n        while(current_PA != 0):\r\n            self.shoot()\r\n            current_PA = self.getPA(id_tank)\r\nelse:\r\n    current_PA = self.getPA(id_tank)\r\n    while(current_PA != 0):\r\n        self.shoot()\r\n        current_PA = self.getPA(id_tank)\r\n    if self.getCellPosX(pos_enemy) < self.getCellPosX(pos_tank):\r\n        new_pos = self.getCellFromXY(0, 0)\r\n    else:\r\n        new_pos = self.getCellFromXY(31, 0)\r\n    self.moveTank(new_pos)",
        "active": true
    }
},
{
    "model": "backend.ia",
    "pk": 3,
    "fields": {
        "owner": 3,
        "name": "ORDI_1 Difficile",
        "text": "# Default ia\n# Get the enemy position in the game\nenemy = self.getEnemyTankId()\nenemypos = self.getPosition(enemy)\n# Move foward to the enemy\nself.moveTank(enemypos)\n# Shoot the enemy Gracefuly\nself.shoot()",
        "active": true
    }
},
  {
    "model": "backend.tank",
    "pk": 1,
    "fields": {
      "owner": 1,
      "ia": 1,
      "weapon": 1,
      "armor": 1,
      "caterpillar": 1,
      "navSystem": 1,
      "hp_value": 100
    }
  },
  {
    "model": "backend.tank",
    "pk": 2,
    "fields": {
      "owner": 2,
      "ia": 2,
      "weapon": 1,
      "armor": 1,
      "caterpillar": 1,
      "navSystem": 1,
      "hp_value": 100
    }
  },
  {
    "model": "backend.tank",
    "pk": 3,
    "fields": {
      "owner": 3,
      "ia": 3,
      "weapon": 1,
      "armor": 1,
      "caterpillar": 1,
      "navSystem": 1,
      "hp_value": 100
    }
  },
  {
    "model": "backend.championship",
    "pk": 1,
    "fields": {
      "name": "ORDINATEURS",
      "private_mode": true,
      "secret_word": "pyrobot",
      "players": [
        1,
        2,
        3
      ]
    }
  },
  {
    "model": "backend.championship",
    "pk": 2,
    "fields": {
      "name": "PyRobot [Défault]",
      "private_mode": false,
      "secret_word": "",
      "players": []
    }
  }
]